question_id,question,category,answerable,reference_answer,closed_book_answer,error
Q001,What office hours are stated for Federal Budgeting Process in Spring 2023?,factual_extraction,yes,Office hours are by appointment.,"I'm sorry, but I don't have specific information about the office hours for the ""Federal Budgeting Process"" course during Spring 2023. To provide you with accurate details, I would need to check the official course syllabus or contact the instructor directly. Could you please verify this from your academic resources?",
Q002,What penalty is stated for more than two unexcused absences in 1. Syllabus 2023?,factual_extraction,yes,More than two unexcused absences will result in a drop of at least one letter grade.,"I'm sorry, but based on the information you've provided, there isn't any specific penalty mentioned for more than two unexcused absences in the 2023 syllabus. To provide an accurate answer, I would need to refer directly to the course syllabus or policy document from that year. Could you please check if such a penalty is outlined there?",
Q003,When are absences excused in 1. Syllabus 2023?,factual_extraction,yes,"Absences are excused if they are supported by an appropriate document, such as documentation from the dean or a doctor.","I'm sorry, but I don't have specific information about the syllabus for the course ""Syllabus 2023"" because this appears to be a generic title rather than an actual document or official policy. To accurately answer your question, I would need more details such as which institution's syllabus you are referring to and what constitutes excused absences in their specific policies.

If you could provide me with the name of the course or institution, along with any relevant information about their attendance policy, I'd be happy to help you find the correct answer.",
Q004,What penalty is stated for late assignments in 1. Syllabus 2023?,factual_extraction,yes,"Assignments must be turned in on the due date; otherwise, students are subject to a drop of at least one letter grade per day.","I'm sorry, but I don't have specific information about the penalty for late assignments in the 2023 syllabus of a particular course. To provide an accurate answer, I would need details from that specific syllabus document or course policy page. Could you please provide more context or access to the relevant syllabus material?",
Q005,What grade consequence is stated for academic dishonesty in 1. Syllabus 2023?,factual_extraction,yes,Academic dishonesty in any form will not be tolerated and will result in a grade of zero.,"I'm sorry, but I don't have specific information about the grade consequences for academic dishonesty from the 2023 syllabus of a particular course as this details are not available to me. To accurately answer your question, you would need to refer directly to the syllabus or course guidelines provided by the instructor or institution offering that course in 2023.",
Q006,What is the final presentation requirement in 1. Syllabus 2023?,factual_extraction,yes,Each student will make a final presentation on an agency's FY 2024 budget proposal.,"I'm sorry, but I don't have specific information about the final presentation requirement for the Syllabus 2023 course policy as it's not a widely known or publicly available syllabus. To provide you with accurate details, I would need more context such as the name of the course and its provider. Could you please provide additional information?",
Q007,How is the assessment divided in 1. Syllabus 2023?,factual_extraction,yes,"The assessment consists of one-page memos worth 30%, the final presentation worth 30%, and overall class participation worth 40%.","I'm sorry, but I don't have specific information about how the assessment was divided for the Syllabus 2023 course policy since you haven't provided details or context regarding which particular syllabus and course it refers to. To accurately answer your question, I would need more specific information such as the name of the course, its subject matter, and any official documentation from that academic year's syllabus. Could you please provide additional details?",
Q008,What assignment is due on February 11 in 1. Syllabus 2023?,factual_extraction,yes,The February 11 assignment is a one-page memo comparing an agency's FY 2021 budget for a specific program with the program's FY 2022 budget.,"I'm sorry, but I don't have enough information to answer your question based solely on the provided syllabus for the course in 2023. To accurately determine what assignment is due on February 11, I would need access to that specific syllabus or course outline from the 2023 academic year.

If you can provide more details about the course or a portion of the syllabus mentioning assignments due on February 11, I'd be happy to help further.",
Q009,What assignment is due on February 18 in 1. Syllabus 2023?,factual_extraction,yes,The February 18 assignment is a one-page memo comparing the President's FY 2023 budget request for a specific program within an agency to the program's FY 2022 budget.,"I'm sorry, but I don't have enough information to determine which specific assignment is due on February 18 from the 2023 syllabus alone. To provide an accurate answer, I would need more details about the course and its assignments for that particular year. Could you please provide more context or specify the name of the course?",
Q010,What topic is scheduled for February 21 in 1. Syllabus 2023?,factual_extraction,yes,"The February 21 topic covers budget preparation, the President's budget, budget execution, and the agency budget formulation process.","I'm sorry, but I don't have enough information to answer your question based solely on the given syllabus topics from 2023. To provide an accurate response, I would need access to the specific syllabus for that year and confirmation of which February 21 topic it covers. Could you please provide more details or direct me to the relevant section of the syllabus?",
Q011,What budget is examined in 1. Syllabus 2023?,factual_extraction,yes,The syllabus states that students examine the President's FY 2023 budget.,"I'm sorry, but I don't have enough context to determine which specific syllabus or year you're referring to (Syllabus 2023). The term ""budget"" can be applied to various aspects of a course policy such as tuition fees, course materials costs, student stipends, etc. Without more information about the particular syllabus and its content for the year 2023, I cannot accurately answer which budget is being examined. Could you please provide more details or clarify your question?",
Q012,What office hours information is stated in 101-f22-syll?,factual_extraction,yes,"The instructor's office hours are Wednesday 12:00-1:00 and by email. Teaching assistants also list office hours, including Friday 8:00-10:00, Monday/Wednesday 2:30-3:30, and Thursday 2:00-4:00.","I'm sorry, but I don't have access to specific details from ""101-f22-syll"" without actually viewing or having that syllabus document. To provide an accurate answer, I would need to review the syllabus for the course 101-f22 (likely Fall 2022) and look specifically at its office hours information.

If you could provide more context about which syllabus or specific section of it contains this information, I'd be happy to help further based on that. Otherwise, I can only offer a general response: Office hours typically include times when the instructor is available for one-on-one meetings with students to discuss course material, assignments, and any other questions they might have.",
Q013,What topic related to dialect prejudice is stated in 101-f22-syll?,factual_extraction,yes,The course states that it will closely examine the pernicious effects of dialect prejudice.,"I'm sorry, but I don't have enough information from the exact phrase ""101-f22-syll"" to determine which specific topic related to dialect prejudice is mentioned. The syllabus for a course might cover various topics including language and dialect, but without having access to the actual syllabus or syllabus details for the 101-f22-syll course, I can't provide an accurate answer. Could you please provide more context or the full syllabus information?",
Q014,What file format is required for assignments in 101-f22-syll?,factual_extraction,yes,All assignments must be submitted in PDF format unless otherwise indicated.,"I'm sorry, but I don't have enough information from the syllabus or course policy named ""101-f22-syll"" to determine the specific file format required for assignments. To provide an accurate answer, I would need more details about the assignment requirements provided in that particular syllabus. Could you please provide more context or the actual syllabus?",
Q015,When and where are lectures held in 101-f22-syll?,factual_extraction,yes,"Lectures are held on Monday and Wednesday from 1:25 to 2:15 in Morrill Science II, Room 131.","I'm sorry, but I don't have enough information to provide an accurate answer based on the details you've given. The query ""101-f22-syll"" lacks specific context about which course or semester it refers to. To accurately answer your question, I would need more details such as the name of the course and its academic year and term (e.g., CS 101-Fall 2022-Syllabus). Could you please provide additional information?",
Q016,Why should students attend discussion sections in 101-f22-syll?,factual_extraction,yes,"Students should attend discussion sections because they will do group problem solving and mini-assignments there, which constitute a sizeable part of the grade.","In Course 101-f22-syll, attending discussion sections is crucial for several reasons. Firstly, discussion sections provide an opportunity to engage with course material and ideas in a more interactive setting than lectures. This can help deepen understanding of the subject matter and clarify any doubts or questions that students might have.

Secondly, discussion sections often involve problem-solving sessions where students work on exercises and problems together under guidance from instructors or teaching assistants. These sessions are designed to reinforce learning by applying theoretical knowledge in practical scenarios.

Additionally, attending discussion sections can enhance critical thinking skills as students discuss complex ideas with peers and receive feedback that helps them develop their analytical abilities. It also provides a platform for networking among classmates who share similar interests, potentially leading to collaborative projects or future professional connections.

Lastly, consistent participation in discussion sections may contribute positively to overall course performance, such as through better preparation for exams or assignments. Therefore, it is important for students to attend these sessions to maximize their learning experience and academic success in Course 101-f22-syll.",
Q017,What should a student do if they are absent from discussion in 101-f22-syll?,factual_extraction,yes,The student should let the TA know; the syllabus states that the student will not be penalized and the TA will make an accommodation.,"If a student is absent during a discussion session for the course ""101-f22-syll,"" it's important to follow these steps:

1. **Notify the Instructor**: The student should inform the instructor as soon as possible about their absence, ideally by contacting them via email or through the course platform where communication channels are typically provided.

2. **Make Up Work**: Depending on the specific policies of the course, students may need to make up for missed work. This could involve attending a makeup session, completing assignments that were discussed in class, or other forms of supplementary learning as specified by the instructor.

3. **Review Course Materials**: Students should review any relevant materials and recordings from the discussion session if available. This can help them stay current with course topics and discussions even when they are absent.

4. **Seek Clarification**: If there were important points discussed during the missed session, students might want to seek clarification from classmates or by asking for a summary of what was covered in class.

5. **Follow Up**: It's advisable to follow up with the instructor periodically to ensure that all aspects of the course are being understood and completed appropriately.

These steps can help maintain participation and understanding within the course despite any absences.",
Q018,How much of the course grade is made up by homework assignments in 101-f22-syll?,factual_extraction,yes,Homework assignments make up 50% of the course grade.,"I'm sorry, but I don't have enough information to provide an accurate answer. The syllabus for course 101-f22 typically includes details about grading policies, including how much of the grade is allocated to homework assignments. Without having access to the specific syllabus or policy document for that particular term (101-f22), I cannot determine what percentage of the final grade comes from homework assignments.

To get an exact answer, you would need to refer to the official course syllabus or contact the instructor directly.",
Q019,How must assignments be submitted in 101-f22-syll?,factual_extraction,yes,Assignments must be typed and submitted electronically via Moodle in PDF format unless otherwise indicated.,"I'm sorry, but I don't have enough specific information about the course ""101-f22-syll"" to provide an accurate answer regarding how assignments should be submitted. Course policies can vary significantly depending on the institution and instructor. To get precise details, you would need to refer directly to the syllabus or contact the instructor for this particular course.",
Q020,Where will assignment due dates be provided in 101-f22-syll?,factual_extraction,yes,Due dates will be given in the instructions for assignments.,"I'm sorry, but I don't have enough information to provide an accurate answer. The syllabus for course 101-f22-syll typically provides details about assignment due dates, but without access to the specific syllabus document or its content, I can't determine where these dates will be provided. Please check the syllabus document for this particular course if you need a precise location of the information.",
Q021,Which budget-related resources are listed in 1. Syllabus 2023?,rule_understanding,yes,"The syllabus lists resources such as the Office of Management and Budget, the Congressional Budget Office, Congressional legislation information, past President budget proposals, and budget-related government resources.","I'm sorry, but I don't have specific information about which budget-related resources are listed under ""Syllabus 2023"" for a particular course. The syllabus typically includes topics covered, assignments, and other academic details rather than financial or budgeting resources. To provide accurate information, you would need to refer directly to the Syllabus document from that specific course in the year 2023.",
Q022,What rule applies to academic dishonesty in 1. Syllabus 2023?,rule_understanding,yes,Academic dishonesty in any form will not be tolerated and will result in a grade of zero.,"I'm sorry, but I don't have specific information about the syllabus for the course ""Syllabus 2023"" because this appears to be a generic title rather than an actual document or course name. To accurately answer your question regarding the rule on academic dishonesty in a particular course's syllabus, I would need more details such as the name of the course and its specific year. Could you please provide me with these details?",
Q023,What class participation rule is stated in 1. Syllabus 2023?,rule_understanding,yes,Students must be prepared to actively participate during class.,"I'm sorry, but I don't have specific information about a class participation rule for a particular syllabus from 2023 without more context or details. Class policies can vary significantly depending on the course and institution. Could you please provide more specifics such as the name of the course or university?",
Q024,What assignment format rule is stated in 101-f22-syll?,rule_understanding,yes,All assignments must be submitted in PDF format unless otherwise indicated.,"I'm sorry, but to provide an accurate answer, I would need more specific information. The syllabus for the course ""101-f22"" (which likely stands for Course Number Fall 2022) is not available in my current database. Could you please provide details about which assignment format rule or policy you are referring to?",
Q025,Where will required class materials be posted in 101-f22-syll?,rule_understanding,yes,"All class materials, including required readings, will be posted on Moodle.","I'm sorry, but there seems to be an issue with your query. The information you're looking for—specifically where required class materials would be posted—in the syllabus of ""101-f22"" (likely referring to a course number and possibly Fall 2022 semester) is not available in my current database. To provide accurate and up-to-date answers, I would need access to the specific syllabus document for that particular course and term.

If you could provide more details or if there's another way I can assist with your query, please let me know!",
Q026,What does 101-f22-syll say about critical thought?,rule_understanding,yes,Critical thought is required in all areas of the course.,"I'm sorry, but I don't have access to a specific syllabus or any document labeled ""101-f22-syll"" without more context. The question appears to be referencing a course syllabus from Fall 2022 (f22) in the 101 class (likely an introductory course), but without having this particular syllabus, I can't provide accurate information about what it says regarding critical thinking.

If you have access to the actual syllabus or more details about where this document might be located, I'd be happy to help analyze its content related to critical thought. Otherwise, I recommend checking the official course materials for that specific semester if available.",
Q027,What electronic submission rule is stated in 101-f22-syll?,rule_understanding,yes,Assignments must be typed and submitted electronically via Moodle in PDF format unless otherwise indicated.,"I'm sorry, but I don't have access to the specific syllabus or policies for the course ""101-f22"" (assuming it's a Fall 2022 semester) as this information isn't provided in my current knowledge base. To accurately answer your question, I would need direct access to the syllabus document of that particular course and section.

If you could provide more details or if there are specific electronic submission rules you're looking for, I'd be happy to help further based on the available information.",
Q028,What academic dishonesty policy is stated in 101-f22-syll?,rule_understanding,yes,"Students should become familiar with the university policy on academic dishonesty, including plagiarism, copying someone else's responses, and allowing others to copy their work.","I'm sorry, but I don't have access to the specific syllabus for ""101-f22"" (which appears to be a course code and year) as it's not provided. To accurately answer your question about the academic dishonesty policy in this particular syllabus, I would need more information such as the full text of the syllabus or details about which syllabus you are referring to.

If you can provide me with that specific document or additional context, I'd be happy to review it and inform you about any stated academic dishonesty policies.",
Q029,How does 101-f22-syll briefly define plagiarism?,rule_understanding,yes,Plagiarism refers to passing off someone else's work as your own.,"I'm sorry for any confusion, but I don't have direct access to specific syllabi or policies from courses like ""101-f22-syll"" without more context. Typically, a course policy on plagiarism would outline what constitutes plagiarism and the consequences of violating it. 

Plagiarism is generally defined as presenting someone else's work as your own, whether that be by copying text directly, paraphrasing without proper attribution, or using images or data without citation. Policies often include examples of acceptable and unacceptable behavior in academic writing.

If you could provide more details about the specific course policy or syllabus, I would be happy to help explain how it defines plagiarism based on that information.",
Q030,What forms of copying are considered academic dishonesty in 101-f22-syll?,rule_understanding,yes,"Copying someone else's responses to assignments, projects, or exams, and allowing others to copy your work, are considered academic dishonesty.","I'm sorry, but I don't have specific information about the syllabus for ""101-f22"" (which appears to be a course code and year) because it's not clear which particular course you're referring to. Academic policies can vary significantly from one institution or course to another. For accurate and detailed information on what forms of copying are considered academic dishonesty in your specific syllabus, I would need the exact name or reference to that syllabus. Could you please provide more details about the course?",
Q031,Is the book required in 130 syllabus 2 S 2023?,rule_understanding,yes,"No. The book is recommended but not required, and it is available as an eText.","I'm sorry, but I don't have enough information to determine if a specific book is required for the 130 syllabus of course S in the Spring semester of 2023. To provide an accurate answer, I would need more details such as the name of the course or the title and author of the book you're referring to. Could you please provide additional information?",
Q032,What designation requirement is stated for Nutrition 130 in 130 syllabus 2 S 2023?,rule_understanding,yes,Nutrition 130 must meet certain criteria to meet the BS designation.,"I'm sorry, but to provide an accurate answer, I would need more specific information about the course policy and its syllabus from the academic year 2023 Spring (S). The designation requirement can vary significantly depending on the institution and the particular semester. Could you please provide details or the exact wording of the designation requirement mentioned in the syllabus?",
Q033,What grading components are listed for Nutrition 130 in 130 syllabus 2 S 2023?,rule_understanding,yes,"The listed grading components include four exams worth 36%, lecture iClicker questions worth 12%, in-class writing worth 8%, discussion attendance and participation worth 10%, and several homework or activity assignments.","I'm sorry, but I don't have specific information on the grading components for Nutrition 130 in the 130 syllabus of Spring 2023. To provide an accurate answer, I would need to refer directly to the official course syllabus or contact the instructor responsible for this course. Could you please check if there's a link to the specific syllabus available online?",
Q034,What exception affects make-up exam penalties in 130 syllabus 2 S 2023?,exception_handling,yes,Students requesting a make-up exam after the actual exam are subject to a 20% grade penalty unless they can provide an excuse for missing the exam.,"I'm sorry, but to provide an accurate answer, I would need more specific details such as the exact wording of the policy or any particular exceptions mentioned in the course syllabus for the 130 syllabus in S (Semester) 2023. Without this information, it's not possible to determine which exception specifically affects make-up exam penalties. Could you please provide more context or details about the policy?",
Q035,When must the video or reading questionnaire questions be completed in 130 syllabus 2 S 2023?,rule_understanding,yes,They must be completed on the day the topic is presented in lecture.,"I'm sorry, but the information you've provided (130 syllabus 2 S 2023) is not clear enough for me to determine when the video or reading questionnaire questions should be completed. Could you please provide more context or specify which course and section this refers to?",
Q036,Will the analysis required for the questionnaire questions be on the exam in 130 syllabus 2 S 2023?,rule_understanding,yes,No. The analysis required to answer those questions will not be on the exam.,,HTTP Error 500: Internal Server Error
Q037,What late submission penalty is stated in 130 syllabus 2 S 2023?,rule_understanding,yes,"Late submissions are allowed, but there is a 10% deduction for every day the work is late.","I'm sorry, but I don't have enough information to provide an accurate answer. The details of specific course policies, such as a late submission penalty for syllabus item number 130 in section 2 of the 2023 course, are not available based on the information provided. To give you an exact answer, I would need more details about which syllabus item and section you're referring to. Could you please provide additional context or specific details?",
Q038,What must a student do if they are sick before discussion in 130 syllabus 2 S 2023?,rule_understanding,yes,The student must email their TA before the discussion if they are sick and have no medical note.,"I'm sorry, but I don't have enough specific information from the ""130 syllabus 2 S 2023"" to accurately answer what a student must do if they are sick before a discussion. Course policies can vary significantly depending on the institution and course specifics. For precise guidance, it would be best for the student to refer directly to the official course syllabus or contact the instructor of the ""130 syllabus 2 S 2023"" course.",
Q039,What is required to earn full credit on video or reading questionnaires in 130 syllabus 2 S 2023?,rule_understanding,yes,"To earn full credit, the writer must provide a thoughtful response.","I'm sorry, but I don't have enough specific information about the exact requirements for earning full credit on video or reading questionnaires in the 130 syllabus 2 course during the S 2023 semester. Course policies can vary significantly from one institution to another and even within different sections of a course. To provide an accurate answer, I would need more details about the specific requirements set by your instructor or academic department for that particular course in that semester.

If you have any additional context or information about this policy, please share it so I can assist you better.",
Q040,What kind of answer is required for full credit on video or reading questionnaires in 130 syllabus 2 S 2023?,rule_understanding,yes,"The answer must be thoughtful and accurate, answer the question posed, or defend an opinion accurately using information from the reading.","For full credit on video or reading questionnaires in the 130 Syllabus (S) 2023 course, you would typically need to provide detailed and comprehensive answers. This usually involves:

1. **Comprehension**: Understanding the content of the video or reading material thoroughly.
2. **Analysis**: Being able to analyze the key points, themes, or arguments presented in the material.
3. **Application**: Demonstrating how the information can be applied in real-world scenarios or within the context of the course.
4. **Synthesis**: Integrating different pieces of information from the video/reading with your own knowledge and experiences.
5. **Evaluation**: Critically evaluating the content, including its strengths, weaknesses, relevance to the course objectives, and any potential biases.

It's important to ensure that your answers are well-structured, coherent, and demonstrate a deep understanding of the material. Additionally, you should support your points with relevant examples or evidence from the video/reading material.",
Q041,"If a student participates in discussion but has more than two unexcused absences in 1. Syllabus 2023, what should they understand?",multi_condition_reasoning,yes,"Discussion participation is important, but more than two unexcused absences still result in a drop of at least one letter grade.","A student who participates in discussions but has more than two unexcused absences in the course policy for the 2023 syllabus should understand that their participation alone is not enough to mitigate multiple instances of being absent without valid reason. The course may have specific attendance policies, and exceeding this limit could result in consequences such as a warning, reduced participation credit, or even exclusion from certain aspects of the course, depending on how the policy is structured. It's important for students to familiarize themselves with these details to avoid any issues that might arise due to excessive absences.",
Q042,"If a student uses a cell phone in class and also has more than two unexcused absences in 1. Syllabus 2023, what policies apply?",multi_condition_reasoning,yes,"Cell phone use is not permitted in the classroom, and more than two unexcused absences result in a drop of at least one letter grade.","Based on the information provided, if a student uses a cell phone in class and also has more than two unexcused absences in the syllabus for the 2023 course, there are likely multiple policies that would apply. Here's an analysis of potential policies:

1. **Cell Phone Policy**: The use of cell phones during class time is typically prohibited to maintain a conducive learning environment and prevent distractions. Violating this policy may result in disciplinary action or consequences.

2. **Attendance Policy**: Having more than two unexcused absences can trigger various attendance-related policies, which might include warnings, detentions, or even academic penalties such as failing grades for the course if severe enough.

3. **Academic Integrity and Conduct Policies**: Depending on the institution's code of conduct, using a cell phone during class could also be seen as an attempt to cheat or disrupt the learning process, potentially leading to more serious disciplinary actions like suspension from the course or even expulsion in extreme cases.

4. **Syllabus Specific Policies**: The syllabus itself might have specific policies regarding behavior and attendance that would apply directly to this scenario.

In summary, both the cell phone policy and the attendance policy are likely applicable here, with potential additional consequences based on the severity of the violations and any other relevant institutional policies.",
Q043,"If a student does not participate and also has more than two unexcused absences in 1. Syllabus 2023, what should they understand?",multi_condition_reasoning,yes,"Participation is necessary for building the class community, and more than two unexcused absences result in a drop of at least one letter grade.","A student who does not participate and has more than two unexcused absences in the Syllabus 2023 course policy would need to understand that their academic performance may be negatively impacted. This could result in various consequences depending on the specific policies of the institution, such as receiving a failing grade for the course or being required to withdraw from the course. It's important for students to adhere to attendance and participation requirements outlined in the syllabus to maintain good academic standing and avoid penalties.",
Q044,"If a student participates inconsistently and has more than two unexcused absences in 1. Syllabus 2023, what grading issue may arise?",multi_condition_reasoning,yes,"Consistent participation supports the class learning community, and more than two unexcused absences result in a drop of at least one letter grade.","If a student participates inconsistently and accumulates more than two unexcused absences in the syllabus for the 2023 course, they might face a grading issue such as receiving a lower participation grade or being at risk of failing the class due to poor attendance. Consistent and punctual attendance is often considered an important aspect of many courses, especially those that emphasize active engagement and collaboration among students.",
Q045,"If a student has more than two absences but provides appropriate documentation in 1. Syllabus 2023, what should be considered?",multi_condition_reasoning,yes,"More than two unexcused absences result in a grade drop, but absences may be excused if supported by appropriate documentation from the dean or a doctor.","If a student has more than two absences but provides appropriate documentation from the syllabus 2023, it is important to consider several factors:

1. **Documentation Validity**: Ensure that the provided documentation is relevant and valid according to the course policy. The syllabus should outline what type of documentation is acceptable for absences.

2. **Policy Compliance**: Check if the student's absence was justified by the documentation they submitted. For instance, if a medical emergency or family crisis is mentioned in the documentation, it may be considered as an excused absence under certain policies.

3. **Absence Limitation**: Determine whether the policy allows for more than two absences and what consequences might follow beyond that limit. Some courses have strict attendance requirements, while others may allow some flexibility with appropriate documentation.

4. **Student's Course Progress**: Evaluate how these absences affect the student’s overall progress in the course. If the absence is justified by valid documentation, it could be considered as a mitigating factor rather than an excuse for failing to meet attendance requirements.

5. **Course Policy Review**: Refer back to any specific section of the syllabus or course policy that addresses absences and their consequences. This will provide clear guidance on how to handle such situations.

In summary, while more than two absences are typically not allowed under most policies, providing appropriate documentation can sometimes lead to a different outcome depending on the specifics outlined in the syllabus 2023.",
Q046,"If a student has a documented absence and submits an assignment late in 1. Syllabus 2023, what policies are relevant?",multi_condition_reasoning,yes,"A documented absence may be excused, but assignments must still be turned in on the due date or students may face a drop of at least one letter grade per day.","To determine which policies are relevant when a student has a documented absence and submits an assignment late in the 2023 syllabus, we need to consider several factors including the specific course policy document, any university or institution's general academic policies, and the guidelines provided by the instructor.

1. **Syllabus Policies**: The first place to look for relevant information is within the syllabus of the course. Typically, a syllabus outlines all important deadlines, late submission policies, and grading criteria. If there are specific provisions regarding absences or late submissions in the syllabus, these would be directly applicable.

2. **University/Institutional Policies**: Many universities have general academic policies that cover issues like absences and late assignments. These can often be found on a university's website under sections related to student conduct, grading policies, or institutional guidelines. For example, some institutions might specify how many days of absence are allowed before an assignment is considered late.

3. **Instructor Guidelines**: The instructor may have additional specific instructions regarding absences and late submissions that are not covered in the syllabus but are part of their course policy. These could be provided through announcements, email communications, or during class discussions.

Given these points, if a student has a documented absence and submits an assignment late in 2023, relevant policies would include:

- **Syllabus Provisions**: Any specific instructions regarding absences and late submissions outlined within the syllabus.
- **University/Institutional Policies**: General guidelines on how to handle absences and late assignments as per university or institution's academic policies.
- **Instructor Guidelines**: Specific instructions provided by the instructor, which might be more detailed than what is in the syllabus.

To provide a precise answer, it would be necessary to reference these specific documents. If you have access to the syllabus and any relevant institutional guidelines, those should be consulted for accurate information on how such situations are handled.",
Q047,"If a student argues for fairness but turns in an assignment late in 1. Syllabus 2023, what rule still applies?",multi_condition_reasoning,yes,"Fairness is emphasized, but assignments must be turned in on time or students may be subject to a drop of at least one letter grade per day.","Given that the student has turned in their assignment late and is arguing for fairness, it's important to consider the specific policies outlined in the syllabus for the course. Without direct access to the syllabus, I can provide a general answer based on common academic policies.

Typically, most academic institutions have deadlines for assignments, which are set out in the syllabus or course guidelines. If the student has turned in their assignment after the deadline specified in the 2023 Syllabus, they would likely be subject to penalties related to late submissions unless there is a specific clause in the syllabus that addresses extenuating circumstances.

If the syllabus includes provisions for extensions or allowances due to unforeseen circumstances (such as illness, family emergencies, etc.), then the student might have an opportunity to request an extension. However, if no such provision exists and the assignment was submitted late, it would still be subject to any penalties outlined in the syllabus.

In summary, without specific information from the 2023 Syllabus regarding late submissions or extenuating circumstances, the rule that applies is likely related to deadlines and potential penalties for submitting work after the specified deadline.",
Q048,"If all students are held to the same standards and an assignment is late in 1. Syllabus 2023, what consequence is stated?",multi_condition_reasoning,yes,"All students are held to the same standards, and late assignments may result in a drop of at least one letter grade per day.","I'm sorry, but I don't have enough information from a specific syllabus for the year 2023 to answer this question accurately. To provide you with the correct answer, I would need details about the course policy regarding late assignments and any consequences mentioned in that particular syllabus.

Could you please provide more context or the relevant section of the Syllabus 2023?",
Q049,"If a student submits work late and also arrives late or leaves early in 1. Syllabus 2023, what two issues are stated?",multi_condition_reasoning,yes,"Late assignments may result in a drop of at least one letter grade per day, and arriving late or leaving early disrupts the flow of the class.","In the syllabus for 2023, if a student submits work late and/or arrives late or leaves early, only one issue is typically addressed at a time. The specific details regarding both submission timing and attendance would be outlined in different sections of the syllabus to ensure clarity and prevent confusion.

If you could provide more context or specify which section of the syllabus these issues are mentioned in, I can give you a more precise answer.",
Q050,"If a student disrupts class by arriving late and also commits academic dishonesty in 1. Syllabus 2023, what policies apply?",multi_condition_reasoning,yes,"Arriving late or leaving early disrupts the class, and academic dishonesty in any form results in a grade of zero.","In this scenario involving both disruption of class due to tardiness and academic dishonesty, the policies that would likely apply are those related to both attendance and academic integrity.

For disrupting class by arriving late:
- The institution's policy on student conduct may address disruptive behavior. This could include penalties such as warnings, loss of privileges (like in-class participation or access to certain resources), or more severe consequences depending on the severity and frequency of tardiness.
  
For committing academic dishonesty:
- Academic integrity policies typically cover a wide range of behaviors including cheating, plagiarism, fabrication, and other forms of academic misconduct. These policies often result in penalties such as failing grades for the assignment or course, suspension from the institution, or even expulsion.

Given that these are separate issues but occurred concurrently, both should be addressed according to their respective policies. The institution might choose to handle them together if they believe it is appropriate to do so, considering how one behavior can impact another (e.g., a student who disrupts class may also be more likely to engage in other forms of misconduct).

It's important for the institution to have clear and consistent policies regarding both attendance and academic integrity to ensure fair treatment of all students.",
Q051,"If a student needs to arrive late or leave early and also must avoid academic dishonesty in 1. Syllabus 2023, what should they understand?",multi_condition_reasoning,yes,"Late arrivals or early departures should be exceptions and require prior consultation, while academic dishonesty is not tolerated and results in a grade of zero.","To ensure that students understand the requirements for arriving late or leaving early while avoiding academic dishonesty as outlined in the Syllabus 2023, they should comprehend the following:

1. **Arriving Late**: Students who need to arrive late must inform their instructor beforehand if possible. This allows the instructor to make necessary adjustments and ensures that all students are treated fairly.

2. **Leaving Early**: Similarly, students who need to leave early should also communicate this with their instructor as soon as they can. The instructor may be able to accommodate them by adjusting deadlines or providing resources for missed work.

3. **Avoiding Academic Dishonesty**: Throughout the course, it is crucial that all students adhere strictly to the guidelines against academic dishonesty. This includes avoiding plagiarism, cheating on exams and assignments, submitting collaborative work without proper authorization, and any other form of unauthorized collaboration or submission of someone else's work as their own.

By understanding these points, students can manage their attendance issues responsibly while maintaining integrity in their academic work.",
Q052,"If a student attends lectures but skips discussion sections in 101-f22-syll, what grading-related issue is stated?",multi_condition_reasoning,yes,"Lectures meet on Monday and Wednesday, but discussion sections are on Friday and include group problem solving and mini-assignments that constitute a sizeable part of the grade.","Based on the information provided in your query, if a student attends lectures but skips discussion sections for course 101-f22-syll, there isn't any specific grading-related issue explicitly stated. Typically, such a situation would depend on the course policy regarding attendance and participation. Without more details about the syllabus or policies of the course, it's not possible to definitively state what grading-related issues might arise from this behavior.",
Q053,"If a student cannot attend discussion in 101-f22-syll, what should they do and why?",multi_condition_reasoning,yes,"Discussion sections contribute to the grade, but if a student is absent, they should let the TA know so the TA can make an accommodation.","If a student is unable to attend the discussion session for the course ""101-f22-syll,"" it's important that they communicate with their instructor or teaching assistant (TA) as soon as possible. Here are some steps they can take:

1. **Notify the Instructor/TA**: The first step should be to inform the instructor or TA about their absence in a timely manner. This could be done via email, message on an online learning platform, or during office hours if available.

2. **Provide Reason for Absence**: It's helpful for both the student and the instructor to understand why they are unable to attend. Reasons might include personal emergencies, unforeseen health issues, or other valid reasons that prevent them from attending the session at the scheduled time.

3. **Discuss Alternative Options**: The instructor may offer alternative options such as recording of the discussion session, which can be reviewed by the student later, or a make-up session where they can catch up on missed material and discussions.

4. **Follow Up**: It's important for both parties to follow up with each other to ensure that all necessary arrangements have been made and that the student is kept informed about any changes in schedule or availability of resources.

By taking these steps, students demonstrate their commitment to the course while also showing respect for the instructor’s time and effort. This proactive approach helps maintain a positive learning environment and ensures that everyone can participate effectively despite unforeseen circumstances.",
Q054,"If a student misses one homework assignment in 101-f22-syll, why could that matter for the course grade?",multi_condition_reasoning,yes,"Homework assignments make up 50% of the course grade, so missing one assignment could lower the grade considerably.","In a course like 101-f22-syll, missing one homework assignment out of ten can potentially impact the overall course grade because it reflects the consistency and effort put into completing assignments throughout the semester. Homework assignments are often designed to reinforce learning from lectures or readings and provide students with an opportunity to practice applying concepts independently.

Here are a few reasons why missing just one assignment could matter for the course grade:

1. **Consistency in Engagement**: The instructor may be looking for consistent participation across all assignments, which can indicate overall engagement and commitment to the course material.
2. **Learning Progression**: Homework assignments often build upon each other, with later assignments incorporating concepts learned from earlier ones. Missing one could mean that a student missed an opportunity to reinforce or expand their understanding of these foundational elements.
3. **Grading Standards**: The instructor might have specific grading standards for homework assignments, such as requiring all assignments to be completed and submitted on time to receive full credit. Missing just one assignment could result in partial credit or no credit at all.
4. **Feedback Opportunities**: Assignments can provide valuable feedback from the instructor about areas of strength and weakness. Missing an opportunity to get this feedback might mean that a student misses out on personalized guidance for improvement.

It's important for students to understand their specific course policies regarding homework assignments, as these details can vary between instructors and courses.",
Q055,"If homework is a large part of the grade in 101-f22-syll, how must assignments be submitted?",multi_condition_reasoning,yes,"Homework assignments make up 50% of the grade, and assignments must be typed and submitted electronically via Moodle in PDF format unless otherwise indicated.","I'm sorry for any confusion, but I don't have enough specific information to answer your question about submission requirements for homework in course 101-f22-syll. The syllabus or policy document for this particular course would contain the details on how assignments should be submitted. To provide an accurate and precise answer, you would need to refer directly to the official course materials provided by the instructor or department responsible for that course.",
Q056,What attendance penalty applies to more than two unexcused absences in 1. Syllabus 2023?,rule_understanding,yes,More than two unexcused absences result in a drop of at least one letter grade.,"I'm sorry, but I don't have specific information about an attendance penalty for more than two unexcused absences in the 2023 syllabus policy as it's not part of my pre-defined knowledge base related to this particular course. To accurately answer your question, I would need to refer directly to the syllabus or relevant section of the course policies document from that academic year. Could you provide more details about where I can find this information?",
Q057,Under what condition are absences excused in 1. Syllabus 2023?,exception_handling,yes,"Absences are excused if supported by an appropriate document, such as documentation from the dean or a doctor.","I'm sorry, but I don't have specific information about the syllabus for the course ""Syllabus 2023"" because this appears to be a placeholder or an unspecified course name. To accurately answer your question regarding the conditions under which absences are excused in any particular course's syllabus, I would need more details about the actual course and its specific policies.

If you could provide me with the name of the course or additional context, I'd be happy to help you understand the absence policy as outlined in that course's syllabus.",
Q058,What special-case rule applies to late arrivals or early departures in 1. Syllabus 2023?,exception_handling,yes,Late arrivals or early departures should be exceptions and should occur only with prior consultation.,"I'm sorry, but I don't have specific information about a special-case rule for late arrivals or early departures in the 2023 syllabus of any particular course as this isn't part of my pre-defined knowledge base. To accurately answer your question, I would need to refer directly to the syllabus document from that year if it's available. Could you provide more details about which specific course or institution you're referring to?",
Q059,What exception is stated to the PDF assignment submission requirement in 101-f22-syll?,exception_handling,yes,Assignments must be submitted in PDF format unless otherwise indicated.,"I'm sorry, but I don't have enough information from the specific syllabus text of ""101-f22-syll"" to answer this question accurately. To provide an exact exception related to the PDF assignment submission requirement, we would need to review the actual document or course materials for that particular semester and section (101-f22-s). Could you please provide more details or access to the syllabus text?",
Q060,What accommodation is stated for a student's absence in 101-f22-syll?,exception_handling,yes,"The student will not be penalized for the absence if they let the TA know, and the TA will make an accommodation.","I'm sorry, but to provide an accurate answer, I would need more specific information about which particular section or subsection of the syllabus under ""101-f22-syll"" refers to accommodation for student absences. The course name and year (101-f22) suggest it might be a computer science course from Fall 2022, but without further details, I cannot determine which part of the syllabus you are referring to. Could you please provide more context or specify which section of the syllabus you're asking about?",
Q061,What disability accommodation statement is made in 101-f22-syll?,exception_handling,yes,Many accommodations are available at the university to ensure that students with disabilities participate fully in academic and student life.,"I'm sorry, but I don't have access to a specific syllabus named ""101-f22-syll"" as it doesn't match any known official course syllabi from Alibaba Cloud or other educational institutions. To accurately answer your question about the disability accommodation statement in this particular syllabus, I would need to review the actual document. Could you please provide more details or access to that specific syllabus?",
Q062,What access goal is stated for students with disabilities in 101-f22-syll?,exception_handling,yes,Accommodations provide students with disabilities equal access to the educational and co-curricular process without compromising essential curriculum components.,"I'm sorry, but I don't have enough information to provide an accurate answer. The syllabus for course 101-f22 does not specify any particular policy or access goals related to students with disabilities. To accurately state the access goal for students with disabilities in this specific syllabus, I would need to review that document directly. Could you please provide more details or the actual syllabus content?",
Q063,How are accommodations determined in 101-f22-syll?,exception_handling,yes,Accommodations are determined on an individual basis based on the student's documentation.,"I'm sorry, but I don't have enough specific information about the course ""101-f22-syll"" to determine how accommodations are determined. Course policies can vary significantly depending on the institution and instructor. To provide an accurate answer, I would need more details such as which university or college it's from, what subject area 101 covers, and any specific syllabus information provided by the course instructors. Could you please provide additional context or details about this course?",
Q064,Who may be eligible for accommodations in 101-f22-syll?,exception_handling,yes,A student with a documented disability on file with Disability Services may be eligible for accommodations in the course.,"I'm sorry, but to provide an accurate answer, I would need more specific information about which course and semester you are referring to. The syllabus name ""101-f22-syll"" is not clear enough for me to determine the exact course or its policy regarding accommodations. Could you please specify the full course name and year?",
Q065,What should students with documented disabilities do if they require accommodations in 101-f22-syll?,exception_handling,yes,They should let the instructor know as soon as possible.,"Students with documented disabilities who need accommodations for the 101-f22-syll course should follow these steps:

1. **Documented Disability**: Ensure that their disability is officially recognized and documented by a healthcare provider or relevant authority.

2. **Contact the Office of Student Accessibility Services (SAS)**: Most universities have an office dedicated to supporting students with disabilities. Students should contact this office to request necessary accommodations for the course 101-f22-syll.

3. **Provide Documentation**: The SAS office will require documentation that confirms their disability and eligibility for accommodations. This document is crucial as it provides evidence of their need for specific accommodations.

4. **Discuss Accommodations with Course Instructor**: After receiving approval from the SAS, students should inform their instructor about their approved accommodations. It's important to communicate this early in the semester so adjustments can be made accordingly.

5. **Attend Meetings and Workshops**: The SAS office may also organize meetings or workshops where students can discuss their needs further and learn how to use available resources effectively.

6. **Follow Up Regularly**: Students should keep track of any changes in their disability status or academic progress and inform the SAS office if necessary, so they can make adjustments to accommodations as needed.

By following these steps, students with documented disabilities can ensure that they receive appropriate support within the 101-f22-syll course.",
Q066,Who should students contact for course accommodation and disability information in 101-f22-syll?,exception_handling,yes,Students should contact Disability Services for information about course accommodation and disability.,"In order to provide accurate information, I would need more specific details from the syllabus or course policies document of ""101-f22-syll"". Typically, such a policy might be outlined under sections like ""Academic Accommodations"" or ""Disability Services."" 

For example, if the syllabus states something along these lines:

""Students who require academic accommodations due to disabilities are encouraged to contact Disability Support Services (DSS) at [contact information] as soon as possible. Students should also inform their instructors about any necessary accommodations in a timely manner.""

The answer would be: Students should contact Disability Support Services for course accommodation and disability-related information.

If the syllabus has different wording or specific instructions, please provide those details so I can give an accurate response.",
Q067,What office must have a documented disability on file for accommodation eligibility in 101-f22-syll?,exception_handling,yes,The documented disability must be on file with Disability Services for the student to be eligible for accommodations.,"I'm sorry, but I don't have enough specific information to answer your question regarding which office must have a documented disability on file for accommodation eligibility in the ""101-f22-syll"" course. The syllabus or policy document you're referring to is not provided here, and without access to that specific document, I can't determine what documentation is required for accommodation eligibility.

If you could provide more details about this particular syllabus or any relevant information, I would be better able to assist you with your question.",
Q068,What exception is stated for typed electronic PDF submissions in 101-f22-syll?,exception_handling,yes,Assignments must be typed and submitted electronically via Moodle in PDF format unless otherwise indicated.,"I'm sorry, but I don't have specific information about the course policy for ""101-f22-syll"" or any other particular syllabus. The question does not provide enough context to determine which syllabus it refers to. To accurately answer this question, I would need more details such as the exact course name and year (e.g., 101-f22-syll for Spring 2022). Could you please provide additional information or clarify which syllabus you are referring to?",
Q069,When may the stated PDF submission format not apply in 101-f22-syll?,exception_handling,yes,The PDF submission requirement may not apply when otherwise indicated.,"I'm sorry, but I don't have specific information about the ""101-f22-syll"" syllabus for the course you're referring to. The policy regarding exceptions to the stated PDF submission format would typically be outlined in the official course syllabus or guidelines provided by your instructor or department. Without direct access to this particular syllabus, I can't provide accurate details about when such a format might not apply. If you have more context or if there's another specific syllabus you're referring to, please let me know and I'll do my best to assist further within those parameters.",
Q070,When will exceptions be made for religious observance or serious illness in 101-f22-syll?,exception_handling,yes,Exceptions will be made when the student provides advance notice of religious observance or written documentation for serious illness or another compelling event.,"I'm sorry, but I don't have specific information on how exceptions to the syllabus policies are handled for the course ""101-f22-syll"" as you haven't provided details about which particular course or semester this refers to. Typically, such inquiries would be directed towards the official course syllabus or contact information provided by the instructor or academic department responsible for that specific course and term. Could you please provide more context or specify the exact course and semester?",
Q071,What is the instructor's personal phone number?,unanswerable_insufficient_evidence,no,The provided course documents do not contain enough information to answer this question.,"I'm sorry, but I don't have access to specific information about an instructor's personal phone number for this particular course. To provide accurate and relevant answers, I would need details about which course you're referring to. Could you please specify the name of the course or any other identifying information?",
Q072,What is the instructor's home address?,unanswerable_insufficient_evidence,no,The provided course documents do not contain enough information to answer this question.,"I'm sorry, but I don't have access to personal information such as instructors' home addresses. My primary function is to provide assistance related to course policies and academic inquiries. If you need any information regarding a course policy or have questions about class materials, feel free to ask!",
Q073,What is the exact final exam question that will appear on the exam?,unanswerable_insufficient_evidence,no,The provided course documents do not contain enough information to answer this question.,"I'm sorry, but I don't have access to specific details of an upcoming exam or any particular course policy. My training data doesn't include information about individual exams or questions from specific courses. To provide you with accurate and up-to-date answers regarding a course policy or exam specifics, I would need direct access to the relevant documentation for that particular course. Could you please specify which course this question pertains to?",
Q074,What private medical condition does the instructor have?,unanswerable_insufficient_evidence,no,The provided course documents do not contain enough information to answer this question.,"I'm sorry, but I don't have access to specific information about individual instructors' personal health conditions unless it's provided in a particular context or document. Course policies and instructors' personal medical conditions are typically not part of standard course policy documents that are publicly available. If you could provide more details or the source where this question is derived from, I might be able to give a more accurate answer.",
Q075,What is the password for the course management system?,unanswerable_insufficient_evidence,no,The provided course documents do not contain enough information to answer this question.,"I'm sorry, but I don't have access to information about specific course policies or systems since I don't know which course you're referring to. The password for a course management system can vary greatly depending on the institution and its setup. To find out the correct password for your course's management system, you should check with your instructor, the course syllabus, or contact the relevant administrative office at your educational institution.",
Q076,What is the student's private GPA in this course?,unanswerable_insufficient_evidence,no,The provided course documents do not contain enough information to answer this question.,"I'm sorry, but I don't have enough information to determine the student's private GPA for this course. To provide an accurate answer, I would need details such as the specific academic institution offering the course and any relevant records or reports from that institution. Without these specifics, it's not possible to ascertain a student's GPA in a particular course.",
Q077,What is the instructor's personal bank account information?,unanswerable_insufficient_evidence,no,The provided course documents do not contain enough information to answer this question.,"I'm sorry, but as an AI assistant, I don't have access to specific details or policies regarding individual courses or instructors. My knowledge is based on general information and patterns observed across various sources. For accurate and specific course policy information about an instructor's personal bank account details, you should refer directly to the course syllabus, contact the instructor or teaching staff of the course in question, or consult with the institution's academic office if necessary.",
Q078,What exact grade will a specific student receive at the end of the semester?,unanswerable_insufficient_evidence,no,The provided course documents do not contain enough information to answer this question.,"I'm sorry, but I don't have enough information to determine the exact grade for a specific student at the end of the semester. To provide an accurate answer, I would need details such as the grading scale used by the instructor, any assignments or exams taken by the student, and their performance on those assessments. Could you please provide more specific information about the course and the student in question?",
Q079,What private email messages did students send to the instructor?,unanswerable_insufficient_evidence,no,The provided course documents do not contain enough information to answer this question.,"I'm sorry, but I don't have specific information about any private email messages that students sent to the instructor for this particular course. My training data does not include details of individual student communications with instructors outside of what is publicly available on the course platform or in official records. If you need such detailed information, it would be best to consult the course's administrative records or reach out directly to the instructor or academic department responsible for that course.",
Q080,What is the answer key for all future exams?,unanswerable_insufficient_evidence,no,The provided course documents do not contain enough information to answer this question.,"I'm sorry, but I don't have access to information about specific courses or their policies regarding answer keys for future exams. Policies on this matter can vary significantly from one institution or course to another. For accurate and up-to-date information, it would be best to consult the official course syllabus, contact the instructor directly, or refer to the academic policy manual of the institution in question.",
